column0,ID,RETAILER,PRODUCTSKU,CALENDAR_YEAR,CALENDAR_MONTH,mtd_consumption,max_allocation,PREDICTIONS,inventory,Collection
0,163608,10001,34671,2019,1,87958,4825,4825,1418,Dress
1,175104,10001,36988,2019,1,85533,4236,4236,652,Dress
2,152736,10001,32352,2019,1,28671,4648,4648,4320,Dress
3,176712,10001,37369,2019,1,64280,2390,2390,2305,Dress
4,167088,10001,35378,2019,1,78111,4968,4968,4448,Dress
5,179616,10001,37893,2019,1,23957,3720,3720,1160,Dress
6,157896,10001,33444,2019,1,19762,1259,1259,3475,Dress
7,150648,10001,31942,2019,1,42170,1737,1737,196,Dress
8,158688,10001,33568,2019,1,5026,1926,1926,1659,Dress
9,168408,10001,35632,2019,1,37929,3268,3268,4898,Dress
10,159864,10001,33817,2019,1,67433,1231,1231,1053,Dress
11,155760,10001,32991,2019,1,5081,2041,2041,4446,Dress
12,175944,10001,37208,2019,1,98399,4296,4296,1288,Dress
13,165624,10001,35103,2019,1,90824,1675,1675,3323,Dress
14,174576,10001,36884,2019,1,89624,2347,2347,1494,Dress
15,161064,10001,34095,2019,1,79004,4221,4221,669,Dress
16,160248,10001,33902,2019,1,48874,2843,2843,2856,Dress
17,157536,10001,33383,2019,1,85158,2041,2041,960,Dress
18,164184,10001,34820,2019,1,25571,4221,4221,2430,Dress
19,150720,10001,31954,2019,1,68856,772,772,1865,Dress
20,150552,10001,31896,2019,1,56434,1472,1472,2692,Dress
21,152016,10001,32172,2019,1,54727,3302,3302,832,Dress
22,175392,10001,37037,2019,1,97276,4037,4037,1743,Dress
23,164760,10001,34971,2019,1,55464,387,387,2156,Dress
24,175728,10001,37125,2019,1,80904,3165,3165,478,Dress
25,153696,10001,32558,2019,1,26379,2381,2381,4073,Dress
26,161304,10001,34142,2019,1,68180,2653,2653,510,Dress
27,154656,10001,32777,2019,1,54888,2604,2604,2305,Dress
28,159744,10001,33790,2019,1,55767,2582,2582,2487,Dress
29,151968,10001,32168,2019,1,57826,2430,2430,996,Dress
30,177432,10001,37531,2019,1,37593,3917,3917,248,Dress
31,162144,10001,34317,2019,1,98993,3244,3244,887,Dress
32,161832,10001,34258,2019,1,57009,1733,1733,2955,Dress
33,172560,10001,36405,2019,1,90598,408,408,3644,Dress
34,173328,10001,36615,2019,1,74575,2294,2294,2827,Dress
35,162504,10001,34431,2019,1,79068,115,115,712,Dress
36,168456,10001,35636,2019,1,98843,3740,3740,4668,Dress
37,152184,10001,32201,2019,1,92202,3587,3587,4296,Dress
38,161760,10001,34249,2019,1,2629,2972,2972,142,Dress
39,160800,10001,34045,2019,1,2162,3568,3568,3179,Dress
40,177264,10001,37472,2019,1,54913,3568,3568,1302,Dress
41,151296,10001,32034,2019,1,14436,2925,2925,2516,Dress
42,160176,10001,33892,2019,1,55190,4324,4324,157,Dress
43,176400,10001,37302,2019,1,35145,3032,3032,856,Dress
44,151392,10001,32046,2019,1,9850,4445,4445,2470,Dress
45,158952,10001,33610,2019,1,64373,2657,2657,1036,Dress
46,151632,10001,32095,2019,1,41622,732,732,509,Dress
47,179760,10001,37914,2019,1,13777,4656,4656,821,Dress
48,173472,10001,36633,2019,1,98736,2660,2660,4567,Dress
49,158376,10001,33507,2019,1,2268,3395,3395,2976,Dress
50,175680,10001,37111,2019,1,51962,3153,3153,7,Dress
51,164640,10001,34925,2019,1,33191,3136,3136,178,Dress
52,164400,10001,34869,2019,1,85812,1240,1240,2445,Dress
53,152088,10001,32183,2019,1,52233,2732,2732,2166,Dress
54,154584,10001,32758,2019,1,75103,834,834,2199,Dress
55,154224,10001,32686,2019,1,52192,849,849,2703,Dress
56,154440,10001,32742,2019,1,43215,764,764,2026,Dress
57,163080,10001,34569,2019,1,3917,1535,1535,1260,Dress
58,159336,10001,33703,2019,1,35340,3088,3088,2945,Dress
59,153048,10001,32465,2019,1,40054,436,436,2364,Dress
60,158184,10001,33481,2019,1,66464,3088,3088,3258,Dress
61,174552,10001,36879,2019,1,31918,991,991,3883,Dress
62,155256,10001,32922,2019,1,28754,2622,2622,4122,Dress
63,172728,10001,36472,2019,1,12409,2568,2568,3361,Dress
64,153672,10001,32555,2019,1,24472,2991,2991,4193,Dress
65,153480,10001,32531,2019,1,42254,2532,2532,1398,Dress
66,177792,10001,37585,2019,1,43267,2960,2960,347,Dress
67,167136,10001,35395,2019,1,63914,1240,1240,3407,Dress
68,167280,10001,35413,2019,1,54346,4894,4894,1158,Dress
69,152976,10001,32434,2019,1,61976,3735,3735,3724,Dress
70,154248,10001,32690,2019,1,76381,3223,3223,1408,Dress
71,153192,10001,32491,2019,1,75827,3675,3675,447,Dress
72,156480,10001,33144,2019,1,82058,4496,4496,4887,Dress
73,155592,10001,32967,2019,1,65523,4061,4061,3223,Dress
74,155448,10001,32943,2019,1,76310,3734,3734,541,Dress
75,160944,10001,34071,2019,1,55703,3857,3857,1197,Dress
76,160824,10001,34046,2019,1,40986,4379,4379,2711,Dress
77,177648,10001,37562,2019,1,434,3623,3623,3793,Dress
78,163968,10001,34771,2019,1,11581,1327,1327,3961,Dress
79,159384,10001,33711,2019,1,69413,1747,1747,2651,Dress
80,167568,10001,35469,2019,1,1143,1827,1827,1582,Dress
81,178728,10001,37735,2019,1,11769,1797,1797,3535,Dress
82,158976,10001,33623,2019,1,53170,1403,1403,3572,Dress
83,150600,10001,31910,2019,1,73658,1366,1366,2083,Dress
84,153384,10001,32519,2019,1,69249,1747,1747,548,Dress
85,177288,10001,37479,2019,1,54152,1208,1208,2603,Dress
86,167928,10001,35534,2019,1,89619,1216,1216,4450,Dress
87,161520,10001,34185,2019,1,41547,1797,1797,1334,Dress
88,155064,10001,32887,2019,1,56473,1644,1644,4268,Dress
89,172752,10001,36477,2019,1,20417,1566,1566,4754,Dress
90,151680,10001,32117,2019,1,42989,1764,1764,1575,Dress
91,153888,10001,32588,2019,1,3906,3717,3717,3674,Dress
92,174456,10001,36837,2019,1,96793,3758,3758,1591,Dress
93,158448,10001,33521,2019,1,51119,3969,3969,2612,Dress
94,173112,10001,36553,2019,1,75624,1811,1811,3455,Dress
95,156408,10001,33134,2019,1,53568,1828,1828,3976,Dress
96,162072,10001,34303,2019,1,65084,3309,3309,314,Dress
97,160200,10001,33894,2019,1,85776,2561,2561,4546,Dress
98,175800,10001,37143,2019,1,39567,3151,3151,3596,Dress
99,150288,10001,31853,2019,1,84122,3309,3309,3432,Dress
100,157152,10001,33313,2019,1,9419,1283,1283,2039,Dress
101,159672,10001,33780,2019,1,73389,1400,1400,2092,Dress
102,154944,10001,32870,2019,1,55696,1439,1439,2622,Dress
103,172608,10001,36429,2019,1,51916,2634,2634,2196,Dress
104,173304,10001,36613,2019,1,82926,3330,3330,3366,Dress
105,132600,10001,28010,2019,1,44476,3268,3268,2294,Dress
106,133680,10001,28227,2019,1,16080,2008,2008,676,Dress
107,132768,10001,28034,2019,1,44106,1231,1231,3274,Dress
108,166368,10001,35249,2019,1,63980,598,598,4623,Dress
109,169728,10001,35859,2019,1,68511,4527,4527,403,Dress
110,130944,10001,27653,2019,1,36031,772,772,210,Dress
111,128952,10001,27274,2019,1,22635,1510,1510,854,Dress
112,144840,10001,30747,2019,1,19291,3799,3799,2864,Dress
113,121104,10001,25474,2019,1,1705,3536,3536,2886,Dress
114,144072,10001,30608,2019,1,68747,3947,3947,4940,Dress
115,121344,10001,25520,2019,1,85047,905,905,2714,Dress
116,166776,10001,35319,2019,1,69369,2404,2404,642,Dress
117,133608,10001,28217,2019,1,10000,4309,4309,1832,Dress
118,131160,10001,27693,2019,1,25395,2911,2911,2139,Dress
119,170376,10001,35990,2019,1,7219,4309,4309,3606,Dress
120,127200,10001,26894,2019,1,16353,4693,4693,3330,Dress
121,171648,10001,36209,2019,1,2094,1501,1501,1855,Dress
122,131640,10001,27787,2019,1,59733,1308,1308,1740,Dress
123,128472,10001,27167,2019,1,98856,2098,2098,907,Dress
124,133200,10001,28132,2019,1,30733,2087,2087,1033,Dress
125,121752,10001,25636,2019,1,52903,1675,1675,2417,Dress
126,169008,10001,35748,2019,1,83985,3596,3596,4880,Dress
127,123864,10001,26135,2019,1,42308,4999,4999,3683,Dress
128,166488,10001,35262,2019,1,65919,4301,4301,476,Dress
129,142704,10001,30281,2019,1,29854,1079,1079,1002,Dress
130,171264,10001,36142,2019,1,95436,2620,2620,4436,Dress
131,166200,10001,35217,2019,1,33979,3219,3219,1489,Dress
132,144768,10001,30727,2019,1,89068,3671,3671,171,Dress
133,129336,10001,27333,2019,1,21480,658,658,2224,Dress
134,134520,10001,28416,2019,1,78302,3775,3775,667,Dress
135,124584,10001,26309,2019,1,18984,1660,1660,4398,Dress
136,130344,10001,27565,2019,1,31740,2570,2570,537,Dress
137,122088,10001,25719,2019,1,37391,2755,2755,4561,Dress
138,132720,10001,28030,2019,1,93810,2876,2876,3405,Dress
139,120696,10001,25391,2019,1,62626,2556,2556,2181,Dress
140,128616,10001,27195,2019,1,87381,970,970,795,Dress
141,123288,10001,25976,2019,1,90729,2405,2405,4280,Dress
142,124920,10001,26398,2019,1,18642,115,115,507,Dress
143,143568,10001,30505,2019,1,58644,2804,2804,1203,Dress
144,143856,10001,30572,2019,1,33020,582,582,3267,Dress
145,121152,10001,25494,2019,1,81427,2514,2514,2083,Dress
146,122784,10001,25868,2019,1,95094,582,582,3952,Dress
147,134016,10001,28302,2019,1,33792,2294,2294,1969,Dress
148,127392,10001,26926,2019,1,83923,1569,1569,4931,Dress
149,125208,10001,26452,2019,1,46391,4037,4037,1153,Dress
150,126264,10001,26703,2019,1,87552,3981,3981,4853,Dress
151,132480,10001,27991,2019,1,61472,2184,2184,1761,Dress
152,120144,10001,25231,2019,1,50672,697,697,2324,Dress
153,172248,10001,36341,2019,1,45562,2807,2807,1406,Dress
154,144552,10001,30689,2019,1,69116,3775,3775,2747,Dress
155,144288,10001,30648,2019,1,82871,2755,2755,878,Dress
156,123648,10001,26061,2019,1,56674,2660,2660,3246,Dress
157,144024,10001,30602,2019,1,52670,4656,4656,3919,Dress
158,121560,10001,25562,2019,1,28845,1836,1836,1943,Dress
159,129840,10001,27453,2019,1,51610,2657,2657,3006,Dress
160,128304,10001,27112,2019,1,73084,1482,1482,2970,Dress
161,126624,10001,26770,2019,1,23342,4539,4539,3669,Dress
162,143640,10001,30530,2019,1,81897,1405,1405,815,Dress
163,132840,10001,28063,2019,1,7084,1227,1227,3559,Dress
164,166656,10001,35282,2019,1,66201,2174,2174,3581,Dress
165,142608,10001,30259,2019,1,20730,2206,2206,4189,Dress
166,128280,10001,27111,2019,1,24244,1517,1517,2970,Dress
167,144624,10001,30707,2019,1,89099,826,826,2560,Dress
168,124416,10001,26261,2019,1,81772,1443,1443,8,Dress
169,144936,10001,30754,2019,1,56597,3061,3061,4629,Dress
170,142968,10001,30346,2019,1,93170,1267,1267,1240,Dress
171,121944,10001,25668,2019,1,16501,1335,1335,700,Dress
172,120408,10001,25308,2019,1,5447,1267,1267,4889,Dress
173,145512,10001,30882,2019,1,65651,2972,2972,939,Dress
174,171528,10001,36186,2019,1,5380,3136,3136,308,Dress
175,126240,10001,26701,2019,1,46712,1551,1551,1211,Dress
176,171960,10001,36261,2019,1,73283,764,764,1936,Dress
177,134904,10001,28572,2019,1,30874,3169,3169,3710,Dress
178,169032,10001,35749,2019,1,48722,2664,2664,2709,Dress
179,166056,10001,35180,2019,1,83687,2554,2554,3064,Dress
180,127272,10001,26903,2019,1,52979,2671,2671,1379,Dress
181,170712,10001,36042,2019,1,96438,798,798,4208,Dress
182,168840,10001,35722,2019,1,96541,2849,2849,488,Dress
183,130512,10001,27586,2019,1,31945,2871,2871,2712,Dress
184,123264,10001,25975,2019,1,12523,834,834,2134,Dress
185,126504,10001,26746,2019,1,49334,2466,2466,3657,Dress
186,131952,10001,27854,2019,1,9518,3153,3153,4102,Dress
187,169320,10001,35787,2019,1,43290,558,558,4285,Dress
188,143040,10001,30371,2019,1,42028,857,857,2926,Dress
189,166416,10001,35255,2019,1,34026,2565,2565,3193,Dress
190,171888,10001,36254,2019,1,88828,1234,1234,176,Dress
191,133152,10001,28126,2019,1,9419,2510,2510,3509,Dress
192,172392,10001,36362,2019,1,63581,3898,3898,3755,Dress
193,145224,10001,30837,2019,1,9622,2664,2664,1513,Dress
194,171600,10001,36199,2019,1,13823,2622,2622,3397,Dress
195,125592,10001,26519,2019,1,91225,4013,4013,3116,Dress
196,124080,10001,26180,2019,1,50680,3857,3857,1416,Dress
197,146064,10001,30995,2019,1,11437,3800,3800,3156,Dress
198,166632,10001,35280,2019,1,19322,4083,4083,4683,Dress
199,145896,10001,30966,2019,1,6948,4180,4180,4317,Dress
200,130584,10001,27593,2019,1,34485,4017,4017,572,Dress
201,121320,10001,25519,2019,1,24254,3846,3846,4915,Dress
202,171864,10001,36247,2019,1,90660,3242,3242,1847,Dress
203,123840,10001,26117,2019,1,57621,3934,3934,2765,Dress
204,122736,10001,25863,2019,1,54450,128,128,4028,Dress
205,145656,10001,30912,2019,1,36639,1727,1727,2848,Dress
206,171576,10001,36193,2019,1,37610,1550,1550,3492,Dress
207,134928,10001,28574,2019,1,20814,1753,1753,1228,Dress
208,122928,10001,25898,2019,1,33098,1699,1699,988,Dress
209,130152,10001,27528,2019,1,47098,1416,1416,1864,Dress
210,128664,10001,27201,2019,1,86514,3696,3696,2606,Dress
211,128928,10001,27270,2019,1,96778,1682,1682,4212,Dress
212,129864,10001,27457,2019,1,6419,3709,3709,4070,Dress
213,124152,10001,26206,2019,1,36338,1169,1169,1509,Dress
214,145056,10001,30789,2019,1,8351,2634,2634,2068,Dress
215,144480,10001,30674,2019,1,322,2865,2865,1555,Dress
216,122232,10001,25736,2019,1,75117,1256,1256,114,Dress
217,128352,10001,27116,2019,1,36916,3288,3288,987,Dress
218,123624,10001,26050,2019,1,58280,2625,2625,3276,Dress
219,127248,10001,26901,2019,1,98342,3203,3203,1483,Dress
220,135312,10001,28648,2019,1,86709,2703,2703,1403,Dress
221,136824,10001,28992,2019,1,18156,905,905,71,Dress
222,223344,10001,46849,2019,1,95721,3799,3799,404,Dress
223,221112,10001,46404,2019,1,18101,2218,2218,4258,Dress
224,212304,10001,44695,2019,1,83742,2347,2347,1440,Dress
225,139752,10001,29634,2019,1,42532,3406,3406,3529,Dress
226,142512,10001,30221,2019,1,71003,3152,3152,1799,Dress
227,135960,10001,28811,2019,1,62241,2637,2637,1086,Dress
228,216624,10001,45550,2019,1,40279,2390,2390,2227,Dress
229,215664,10001,45368,2019,1,37953,1505,1505,370,Dress
230,219504,10001,46101,2019,1,66375,393,393,3290,Dress
231,219312,10001,46053,2019,1,69044,2087,2087,2382,Dress
232,218760,10001,45938,2019,1,58457,3931,3931,1894,Dress
233,222552,10001,46713,2019,1,35558,4985,4985,4084,Dress
234,224208,10001,46993,2019,1,63944,4135,4135,1423,Dress
235,214656,10001,45153,2019,1,73168,204,204,3388,Dress
236,214536,10001,45134,2019,1,42953,2421,2421,3758,Dress
237,223032,10001,46801,2019,1,62347,2218,2218,2186,Dress
238,221688,10001,46526,2019,1,46109,797,797,3106,Dress
239,222360,10001,46683,2019,1,26349,2114,2114,1568,Dress
240,223056,10001,46802,2019,1,24946,3406,3406,1991,Dress
241,213408,10001,44913,2019,1,73928,4189,4189,2736,Dress
242,218400,10001,45865,2019,1,49293,598,598,1626,Dress
243,216792,10001,45584,2019,1,9719,3805,3805,4900,Dress
244,136008,10001,28822,2019,1,40659,2098,2098,167,Dress
245,137784,10001,29220,2019,1,15858,1465,1465,312,Dress
246,210384,10001,44374,2019,1,28392,4135,4135,1318,Dress
247,138168,10001,29308,2019,1,31483,4301,4301,423,Dress
248,221904,10001,46572,2019,1,50043,3536,3536,4975,Dress
249,213648,10001,44952,2019,1,58526,3268,3268,2410,Dress
250,224448,10001,47047,2019,1,25475,50,50,4428,Dress
251,218544,10001,45901,2019,1,80729,2453,2453,3961,Dress
252,140616,10001,29834,2019,1,44736,2755,2755,3283,Dress
253,215640,10001,45362,2019,1,6387,697,697,242,Dress
254,137808,10001,29221,2019,1,2053,2405,2405,3086,Dress
255,148152,10001,31422,2019,1,4064,3645,3645,2122,Dress
256,147960,10001,31385,2019,1,50804,1758,1758,3475,Dress
257,218880,10001,45963,2019,1,9793,2184,2184,2271,Dress
258,216096,10001,45466,2019,1,14763,1777,1777,4879,Dress
259,212688,10001,44785,2019,1,13560,3763,3763,4066,Dress
260,221520,10001,46489,2019,1,70146,658,658,646,Dress
261,222504,10001,46709,2019,1,59110,2825,2825,3186,Dress
262,210072,10001,44315,2019,1,8331,757,757,4890,Dress
263,224256,10001,47004,2019,1,87269,1568,1568,2417,Dress
264,146784,10001,31127,2019,1,18112,2581,2581,1489,Dress
265,222888,10001,46783,2019,1,70925,3032,3032,150,Dress
266,216696,10001,45563,2019,1,88278,826,826,4559,Dress
267,212184,10001,44680,2019,1,36780,791,791,246,Dress
268,216528,10001,45528,2019,1,1738,628,628,2785,Dress
269,147288,10001,31201,2019,1,80994,2868,2868,2790,Dress
270,212904,10001,44828,2019,1,70739,801,801,663,Dress
271,218976,10001,45979,2019,1,47269,1190,1190,3300,Dress
272,149160,10001,31580,2019,1,54650,2206,2206,3592,Dress
273,136416,10001,28889,2019,1,32819,3568,3568,4656,Dress
274,138768,10001,29430,2019,1,10582,2998,2998,2422,Dress
275,217296,10001,45680,2019,1,79467,1190,1190,1370,Dress
276,149232,10001,31594,2019,1,85354,1535,1535,802,Dress
277,217008,10001,45628,2019,1,59835,934,934,3950,Dress
278,137832,10001,29242,2019,1,40579,884,884,2714,Dress
279,224088,10001,46976,2019,1,69204,2991,2991,4118,Dress
280,223152,10001,46826,2019,1,37806,1551,1551,2426,Dress
281,142320,10001,30168,2019,1,50529,2466,2466,4338,Dress
282,224112,10001,46977,2019,1,46144,2732,2732,3013,Dress
283,221448,10001,46474,2019,1,62575,2416,2416,53,Dress
284,135672,10001,28765,2019,1,79801,3171,3171,2896,Dress
285,216360,10001,45511,2019,1,43623,4951,4951,2789,Dress
286,222000,10001,46601,2019,1,64166,2463,2463,2024,Dress
287,213456,10001,44925,2019,1,27807,1240,1240,1131,Dress
288,210648,10001,44406,2019,1,94642,849,849,2653,Dress
289,135408,10001,28681,2019,1,37963,2737,2737,705,Dress
290,213600,10001,44948,2019,1,20044,4083,4083,4445,Dress
291,136584,10001,28942,2019,1,7532,3755,3755,2334,Dress
292,210816,10001,44463,2019,1,75753,4100,4100,2962,Dress
293,138288,10001,29329,2019,1,94476,4072,4072,173,Dress
294,136560,10001,28923,2019,1,41355,4178,4178,4334,Dress
295,136608,10001,28943,2019,1,99992,3973,3973,3672,Dress
296,141912,10001,30097,2019,1,14833,3211,3211,2265,Dress
297,219864,10001,46161,2019,1,60179,3934,3934,2224,Dress
298,149040,10001,31570,2019,1,99583,3965,3965,4571,Dress
299,137592,10001,29171,2019,1,34540,3623,3623,3804,Dress
300,224640,10001,47075,2019,1,85062,3255,3255,1986,Dress
301,146424,10001,31060,2019,1,88539,3675,3675,4231,Dress
302,218448,10001,45872,2019,1,16049,3757,3757,4197,Dress
303,140232,10001,29747,2019,1,15937,4379,4379,1218,Dress
304,140952,10001,29917,2019,1,98409,1418,1418,1592,Dress
305,138984,10001,29477,2019,1,26836,1082,1082,1484,Dress
306,219120,10001,46009,2019,1,19836,128,128,206,Dress
307,220848,10001,46330,2019,1,53087,1587,1587,111,Dress
308,139032,10001,29481,2019,1,44335,1587,1587,3465,Dress
309,220152,10001,46211,2019,1,13567,1334,1334,4436,Dress
310,137376,10001,29138,2019,1,75210,1771,1771,632,Dress
311,210624,10001,44404,2019,1,15292,1137,1137,4072,Dress
312,146904,10001,31156,2019,1,76102,1137,1137,4012,Dress
313,213528,10001,44936,2019,1,53039,1461,1461,2874,Dress
314,210720,10001,44420,2019,1,84369,1143,1143,1276,Dress
315,218688,10001,45926,2019,1,18654,3827,3827,2402,Dress
316,140904,10001,29912,2019,1,61730,1129,1129,1755,Dress
317,222840,10001,46766,2019,1,44759,1090,1090,4918,Dress
318,222624,10001,46731,2019,1,48009,3969,3969,3696,Dress
319,140928,10001,29914,2019,1,8825,1753,1753,152,Dress
320,147768,10001,31346,2019,1,6253,1690,1690,137,Dress
321,135744,10001,28771,2019,1,16314,1416,1416,1940,Dress
322,140088,10001,29717,2019,1,94736,1813,1813,4454,Dress
323,146856,10001,31144,2019,1,9283,3996,3996,1170,Dress
324,138816,10001,29434,2019,1,4994,2966,2966,4307,Dress
325,212616,10001,44761,2019,1,72195,2726,2726,2972,Dress
326,148080,10001,31411,2019,1,28068,3131,3131,67,Dress
327,149256,10001,31600,2019,1,7196,3030,3030,4031,Dress
328,188616,10001,39725,2019,1,41870,1468,1468,2089,Dress
329,233400,10001,48716,2019,1,46053,1675,1675,2796,Dress
330,229176,10001,47983,2019,1,18598,1350,1350,3664,Dress
331,233136,10001,48661,2019,1,39945,1862,1862,3510,Dress
332,188592,10001,39707,2019,1,43887,50,50,4277,Dress
333,193680,10001,40852,2019,1,58694,1737,1737,2432,Dress
334,213984,10001,45023,2019,1,59125,1616,1616,2460,Dress
335,215208,10001,45276,2019,1,35993,1704,1704,1010,Dress
336,214752,10001,45176,2019,1,99653,4221,4221,1769,Dress
337,189960,10001,40052,2019,1,16896,3152,3152,3784,Dress
338,236016,10001,49180,2019,1,9112,3720,3720,3892,Dress
339,228672,10001,47875,2019,1,51810,3901,3901,1895,Dress
340,226944,10001,47502,2019,1,15889,3901,3901,392,Dress
341,189456,10001,39958,2019,1,16976,3263,3263,830,Dress
342,236952,10001,49369,2019,1,36037,1926,1926,3235,Dress
343,230928,10001,48284,2019,1,91871,4189,4189,183,Dress
344,231816,10001,48463,2019,1,18683,2421,2421,153,Dress
345,230784,10001,48266,2019,1,51554,1658,1658,377,Dress
346,237096,10001,49402,2019,1,88122,3536,3536,4446,Dress
347,194664,10001,41100,2019,1,94586,4078,4078,242,Dress
348,193944,10001,40936,2019,1,56557,2218,2218,1431,Dress
349,229752,10001,48090,2019,1,29204,2495,2495,100,Dress
350,192840,10001,40648,2019,1,50812,3268,3268,2221,Dress
351,235632,10001,49122,2019,1,40723,917,917,2193,Dress
352,214152,10001,45067,2019,1,40361,149,149,1226,Dress
353,234624,10001,48933,2019,1,91424,3805,3805,3922,Dress
354,231408,10001,48373,2019,1,78507,4695,4695,149,Dress
355,225720,10001,47284,2019,1,73836,2703,2703,2872,Dress
356,182640,10001,38479,2019,1,55376,3406,3406,1378,Dress
357,228000,10001,47708,2019,1,37262,3221,3221,4063,Dress
358,238416,10001,49716,2019,1,25031,3228,3228,4151,Dress
359,226800,10001,47487,2019,1,84631,387,387,2236,Dress
360,194520,10001,41084,2019,1,35370,387,387,602,Dress
361,238200,10001,49668,2019,1,16813,2910,2910,1662,Dress
362,237264,10001,49473,2019,1,66297,4057,4057,2809,Dress
363,229608,10001,48051,2019,1,90942,2825,2825,4775,Dress
364,228528,10001,47819,2019,1,83213,4018,4018,2322,Dress
365,193632,10001,40839,2019,1,61552,3228,3228,1007,Dress
366,192336,10001,40537,2019,1,12873,697,697,4874,Dress
367,214008,10001,45029,2019,1,53583,3219,3219,404,Dress
368,190896,10001,40280,2019,1,34336,2807,2807,3652,Dress
369,234336,10001,48882,2019,1,55947,2804,2804,1805,Dress
370,187944,10001,39569,2019,1,16119,2556,2556,1863,Dress
371,187896,10001,39566,2019,1,54559,1733,1733,2038,Dress
372,237480,10001,49548,2019,1,98179,408,408,3340,Dress
373,187776,10001,39539,2019,1,98088,1613,1613,206,Dress
374,238536,10001,49737,2019,1,12473,1568,1568,629,Dress
375,235056,10001,49020,2019,1,8917,3572,3572,2123,Dress
376,226248,10001,47378,2019,1,23849,2046,2046,2766,Dress
377,215592,10001,45351,2019,1,82298,2806,2806,2631,Dress
378,192288,10001,40530,2019,1,81200,923,923,3981,Dress
379,190584,10001,40201,2019,1,10905,801,801,2016,Dress
380,190536,10001,40198,2019,1,58999,791,791,3619,Dress
381,213888,10001,45001,2019,1,78649,2206,2206,4040,Dress
382,237600,10001,49573,2019,1,15942,1305,1305,4354,Dress
383,192912,10001,40680,2019,1,50310,923,923,3028,Dress
384,230256,10001,48168,2019,1,72073,1093,1093,2960,Dress
385,235320,10001,49065,2019,1,20385,4656,4656,2807,Dress
386,226992,10001,47508,2019,1,87888,1430,1430,3748,Dress
387,239040,10001,49817,2019,1,50762,3395,3395,2142,Dress
388,189912,10001,40037,2019,1,91976,2902,2902,4155,Dress
389,194088,10001,40982,2019,1,3108,849,849,3322,Dress
390,228168,10001,47751,2019,1,32121,2418,2418,3686,Dress
391,239208,10001,49859,2019,1,22438,4951,4951,4293,Dress
392,189840,10001,40029,2019,1,47368,2600,2600,3900,Dress
393,236520,10001,49284,2019,1,60397,2649,2649,1741,Dress
394,225840,10001,47310,2019,1,64618,2407,2407,548,Dress
395,229536,10001,48038,2019,1,89079,2489,2489,4996,Dress
396,194880,10001,41136,2019,1,21539,2565,2565,1065,Dress
397,191352,10001,40361,2019,1,10042,2939,2939,2012,Dress
398,189072,10001,39863,2019,1,66039,2649,2649,2806,Dress
399,230616,10001,48241,2019,1,84549,3171,3171,74,Dress
400,193368,10001,40772,2019,1,74164,2416,2416,622,Dress
401,231624,10001,48434,2019,1,86071,4180,4180,2202,Dress
402,230688,10001,48246,2019,1,52405,3929,3929,4215,Dress
403,194376,10001,41039,2019,1,73950,4384,4384,693,Dress
404,234312,10001,48873,2019,1,26304,4496,4496,2249,Dress
405,230520,10001,48220,2019,1,77289,4017,4017,4481,Dress
406,235608,10001,49119,2019,1,86613,3940,3940,4245,Dress
407,190272,10001,40127,2019,1,43385,4100,4100,1493,Dress
408,227304,10001,47603,2019,1,50303,4456,4456,310,Dress
409,181968,10001,38358,2019,1,37447,3940,3940,2205,Dress
410,228240,10001,47766,2019,1,17919,1045,1045,235,Dress
411,194016,10001,40966,2019,1,77908,1399,1399,1830,Dress
412,194136,10001,40990,2019,1,19343,1558,1558,3591,Dress
413,215160,10001,45266,2019,1,29631,1644,1644,1127,Dress
414,191832,10001,40461,2019,1,98893,1646,1646,3327,Dress
415,194928,10001,41144,2019,1,79233,128,128,1178,Dress
416,227544,10001,47636,2019,1,26740,1509,1509,207,Dress
417,191280,10001,40347,2019,1,11320,1780,1780,3705,Dress
418,191184,10001,40338,2019,1,1949,1738,1738,555,Dress
419,234936,10001,49006,2019,1,89940,1399,1399,984,Dress
420,227616,10001,47647,2019,1,39020,1188,1188,994,Dress
421,189240,10001,39892,2019,1,86178,1235,1235,4678,Dress
422,232800,10001,48599,2019,1,2497,1706,1706,422,Dress
423,238392,10001,49710,2019,1,84439,3892,3892,2692,Dress
424,225192,10001,47187,2019,1,3002,1663,1663,1122,Dress
425,232536,10001,48554,2019,1,1199,4229,4229,1115,Dress
426,232968,10001,48628,2019,1,37367,2858,2858,3212,Dress
427,232320,10001,48541,2019,1,47555,1283,1283,1683,Dress
428,237912,10001,49627,2019,1,23195,2863,2863,3706,Dress
429,194184,10001,40993,2019,1,31800,2561,2561,3516,Dress
430,189216,10001,39890,2019,1,52880,2553,2553,362,Dress
431,234480,10001,48904,2019,1,40396,2363,2363,1378,Dress
432,207888,10001,43861,2019,1,83340,4078,4078,4269,Dress
433,198456,10001,41912,2019,1,125,3221,3221,1051,Dress
434,183384,10001,38623,2019,1,3903,2421,2421,3023,Dress
435,184944,10001,38945,2019,1,91000,50,50,723,Dress
436,40392,10001,9138,2019,1,17062,4695,4695,4581,Dress
437,195888,10001,41335,2019,1,23626,797,797,401,Dress
438,208200,10001,43933,2019,1,7216,3901,3901,1864,Dress
439,197712,10001,41758,2019,1,98045,1658,1658,2723,Dress
440,183144,10001,38584,2019,1,54220,4985,4985,3995,Dress
441,198768,10001,41984,2019,1,53693,917,917,3770,Dress
442,208440,10001,43975,2019,1,25168,2630,2630,3784,Dress
443,209664,10001,44186,2019,1,24158,4968,4968,3625,Dress
444,185088,10001,38982,2019,1,43600,2911,2911,2865,Dress
445,195600,10001,41276,2019,1,84021,149,149,4013,Dress
446,201552,10001,42565,2019,1,77374,3901,3901,1523,Dress
447,201120,10001,42503,2019,1,43121,3799,3799,4512,Dress
448,180456,10001,38071,2019,1,45915,204,204,4710,Dress
449,180888,10001,38157,2019,1,28976,4968,4968,3630,Dress
450,185760,10001,39115,2019,1,48740,1862,1862,324,Dress
451,199440,10001,42126,2019,1,18542,917,917,1865,Dress
452,202776,10001,42848,2019,1,3614,2066,2066,3190,Dress
453,187056,10001,39381,2019,1,71628,3883,3883,2433,Dress
454,181776,10001,38317,2019,1,94289,3302,3302,2091,Dress
455,185016,10001,38965,2019,1,6226,2013,2013,3121,Dress
456,183624,10001,38683,2019,1,57941,2965,2965,3273,Dress
457,206688,10001,43637,2019,1,46062,2445,2445,1805,Dress
458,184536,10001,38834,2019,1,44914,4188,4188,1748,Dress
459,205272,10001,43347,2019,1,27360,2965,2965,3058,Dress
460,183984,10001,38743,2019,1,48732,1125,1125,1229,Dress
461,203064,10001,42920,2019,1,29098,2343,2343,4207,Dress
462,209760,10001,44215,2019,1,7339,1777,1777,3677,Dress
463,202296,10001,42736,2019,1,76728,3289,3289,3174,Dress
464,204576,10001,43208,2019,1,31914,3228,3228,1560,Dress
465,203352,10001,42963,2019,1,16595,3792,3792,179,Dress
466,205368,10001,43361,2019,1,13200,1447,1447,2255,Dress
467,186120,10001,39173,2019,1,3482,3917,3917,1195,Dress
468,180096,10001,37997,2019,1,60577,4057,4057,3400,Dress
469,197208,10001,41654,2019,1,67363,2910,2910,3630,Dress
470,197544,10001,41733,2019,1,47844,2027,2027,4707,Dress
471,181560,10001,38287,2019,1,47669,1634,1634,2192,Dress
472,40464,10001,9148,2019,1,62680,3794,3794,2845,Dress
473,207024,10001,43685,2019,1,61120,3241,3241,1071,Dress
474,37656,10001,8578,2019,1,54803,4030,4030,975,Dress
475,207456,10001,43757,2019,1,74260,2653,2653,4828,Dress
476,208128,10001,43923,2019,1,98685,2604,2604,4216,Dress
477,208416,10001,43968,2019,1,21418,2445,2445,2302,Dress
478,186432,10001,39248,2019,1,8915,3671,3671,1594,Dress
479,203832,10001,43055,2019,1,7624,970,970,482,Dress
480,38976,10001,8830,2019,1,43957,757,757,2922,Dress
481,199824,10001,42230,2019,1,46200,850,850,3161,Dress
482,206928,10001,43675,2019,1,70045,1094,1094,4351,Dress
483,183120,10001,38574,2019,1,96102,3104,3104,3967,Dress
484,203856,10001,43063,2019,1,70299,2925,2925,3742,Dress
485,184368,10001,38805,2019,1,2927,3090,3090,1494,Dress
486,185472,10001,39060,2019,1,16102,3565,3565,422,Dress
487,181296,10001,38231,2019,1,96037,1517,1517,363,Dress
488,208344,10001,43955,2019,1,78002,3572,3572,4846,Dress
489,201456,10001,42556,2019,1,28499,4539,4539,1446,Dress
490,209640,10001,44185,2019,1,97098,2998,2998,1814,Dress
491,209784,10001,44216,2019,1,99083,628,628,594,Dress
492,199176,10001,42054,2019,1,50062,2660,2660,3234,Dress
493,196200,10001,41450,2019,1,2925,4536,4536,4588,Dress
494,207432,10001,43756,2019,1,30109,4656,4656,4848,Dress
495,206784,10001,43664,2019,1,65240,834,834,3638,Dress
496,203088,10001,42921,2019,1,83356,798,798,3386,Dress
497,203952,10001,43081,2019,1,80832,2407,2407,4400,Dress
498,196320,10001,41470,2019,1,12934,934,934,1905,Dress
499,201360,10001,42545,2019,1,60781,1557,1557,2151,Dress
500,200376,10001,42353,2019,1,88511,834,834,1063,Dress
501,195480,10001,41255,2019,1,46820,2944,2944,3425,Dress
502,186696,10001,39309,2019,1,43239,2823,2823,2358,Dress
503,185064,10001,38981,2019,1,88404,2554,2554,813,Dress
504,200232,10001,42329,2019,1,82608,4890,4890,2818,Dress
505,39696,10001,9003,2019,1,96969,3056,3056,901,Dress
506,184488,10001,38821,2019,1,32910,4334,4334,263,Dress
507,37536,10001,8565,2019,1,25426,264,264,3803,Dress
508,201648,10001,42584,2019,1,93016,3857,3857,1199,Dress
509,201024,10001,42486,2019,1,82974,3905,3905,4367,Dress
510,181416,10001,38259,2019,1,79379,4159,4159,1703,Dress
511,197760,10001,41768,2019,1,68889,4456,4456,4098,Dress
512,200112,10001,42303,2019,1,33062,3760,3760,1516,Dress
513,202992,10001,42882,2019,1,65798,3813,3813,3636,Dress
514,205656,10001,43420,2019,1,69228,3223,3223,910,Dress
515,199224,10001,42060,2019,1,59599,3965,3965,2644,Dress
516,184872,10001,38924,2019,1,53501,4496,4496,2762,Dress
517,206832,10001,43666,2019,1,93912,1581,1581,252,Dress
518,181656,10001,38301,2019,1,69524,1827,1827,4088,Dress
519,180600,10001,38093,2019,1,15636,1045,1045,632,Dress
520,37944,10001,8619,2019,1,79271,2156,2156,1263,Dress
521,198528,10001,41924,2019,1,40626,1131,1131,3330,Dress
522,206808,10001,43665,2019,1,7180,1550,1550,1301,Dress
523,184128,10001,38769,2019,1,57067,1827,1827,2144,Dress
524,204888,10001,43268,2019,1,14106,1842,1842,1931,Dress
525,41064,10001,9239,2019,1,30794,1107,1107,3090,Dress
526,183360,10001,38618,2019,1,88306,1764,1764,500,Dress
527,197016,10001,41629,2019,1,85316,1090,1090,4306,Dress
528,186744,10001,39320,2019,1,36498,3709,3709,1917,Dress
529,41256,10001,9278,2019,1,18478,4003,4003,260,Dress
530,38256,10001,8670,2019,1,16080,3696,3696,1757,Dress
531,208368,10001,43962,2019,1,12481,1235,1235,2922,Dress
532,205152,10001,43321,2019,1,24521,4058,4058,1539,Dress
533,201528,10001,42563,2019,1,36348,1682,1682,3511,Dress
534,197136,10001,41647,2019,1,86315,2723,2723,2889,Dress
535,38088,10001,8630,2019,1,98941,2838,2838,4535,Dress
536,204480,10001,43201,2019,1,10586,1400,1400,4424,Dress
537,209712,10001,44208,2019,1,95547,2681,2681,4018,Dress
538,197496,10001,41723,2019,1,50718,3288,3288,2556,Dress
539,205344,10001,43358,2019,1,73851,3181,3181,4361,Dress
540,184440,10001,38815,2019,1,79055,2958,2958,1415,Dress
541,201600,10001,42578,2019,1,12401,2966,2966,1280,Dress
542,40080,10001,9082,2019,1,24253,1454,1454,4369,Dress
543,203208,10001,42940,2019,1,32055,2401,2401,4202,Dress
544,187368,10001,39463,2019,1,2833,1435,1435,1822,Dress
545,39120,10001,8865,2019,1,6817,2495,2495,1301,Dress
546,45024,10001,10086,2019,1,9133,1308,1308,1287,Dress
547,48312,10001,10718,2019,1,39001,4648,4648,1443,Dress
548,47784,10001,10601,2019,1,15550,393,393,4418,Dress
549,47568,10001,10550,2019,1,27610,1616,1616,66,Dress
550,44232,10001,9938,2019,1,48274,4527,4527,2973,Dress
551,38784,10001,8806,2019,1,88825,1501,1501,4173,Dress
552,41808,10001,9378,2019,1,89939,2843,2843,71,Dress
553,47352,10001,10501,2019,1,23570,1737,1737,4804,Dress
554,45312,10001,10141,2019,1,38546,3931,3931,2774,Dress
555,55224,10001,12074,2019,1,53097,393,393,4761,Dress
556,32208,10001,7485,2019,1,86677,4296,4296,4082,Dress
557,55848,10001,12170,2019,1,38882,1307,1307,4833,Dress
558,54192,10001,11841,2019,1,95685,3263,3263,1887,Dress
559,42000,10001,9418,2019,1,55732,204,204,613,Dress
560,34488,10001,7948,2019,1,71291,2087,2087,682,Dress
561,34248,10001,7894,2019,1,62061,1350,1350,899,Dress
562,59760,10001,12966,2019,1,6546,4693,4693,3588,Dress
563,53640,10001,11762,2019,1,8680,1145,1145,221,Dress
564,36912,10001,8417,2019,1,97757,4236,4236,2330,Dress
565,53400,10001,11705,2019,1,51205,3221,3221,470,Dress
566,48216,10001,10708,2019,1,64111,1562,1562,361,Dress
567,42888,10001,9618,2019,1,87768,4527,4527,1057,Dress
568,32400,10001,7527,2019,1,22059,1472,1472,1831,Dress
569,37224,10001,8494,2019,1,36940,1465,1465,2146,Dress
570,30360,10001,7111,2019,1,96136,4301,4301,2398,Dress
571,47808,10001,10604,2019,1,59035,1613,1613,854,Dress
572,59976,10001,12992,2019,1,81285,2013,2013,3545,Dress
573,55488,10001,12121,2019,1,16267,987,987,639,Dress
574,32136,10001,7456,2019,1,44814,2807,2807,282,Dress
575,54696,10001,11947,2019,1,84145,987,987,1461,Dress
576,30600,10001,7188,2019,1,17604,3289,3289,37,Dress
577,48168,10001,10701,2019,1,72338,3244,3244,2474,Dress
578,42144,10001,9479,2019,1,43634,2184,2184,601,Dress
579,43896,10001,9847,2019,1,69231,850,850,4478,Dress
580,53184,10001,11660,2019,1,63309,2381,2381,4827,Dress
581,53856,10001,11799,2019,1,28646,3763,3763,1882,Dress
582,59736,10001,12956,2019,1,37872,987,987,2899,Dress
583,50832,10001,11186,2019,1,62086,2943,2943,2440,Dress
584,59232,10001,12857,2019,1,98980,2514,2514,2378,Dress
585,55632,10001,12134,2019,1,11059,2405,2405,1485,Dress
586,42744,10001,9586,2019,1,89079,2013,2013,3775,Dress
587,42984,10001,9646,2019,1,75256,2965,2965,1002,Dress
588,47232,10001,10481,2019,1,50537,4030,4030,1303,Dress
589,58560,10001,12701,2019,1,91934,2514,2514,2228,Dress
590,56688,10001,12315,2019,1,96965,2046,2046,4417,Dress
591,41520,10001,9313,2019,1,71227,732,732,2257,Dress
592,58848,10001,12755,2019,1,73655,3587,3587,4210,Dress
593,42768,10001,9589,2019,1,23679,2868,2868,3061,Dress
594,52776,10001,11579,2019,1,37967,3090,3090,2632,Dress
595,54096,10001,11827,2019,1,74479,826,826,554,Dress
596,54024,10001,11821,2019,1,83597,3395,3395,4023,Dress
597,47064,10001,10458,2019,1,15317,801,801,2006,Dress
598,42096,10001,9452,2019,1,26477,1836,1836,3317,Dress
599,51264,10001,11265,2019,1,76682,1551,1551,4379,Dress
600,37488,10001,8549,2019,1,87608,2510,2510,1800,Dress
601,38808,10001,8809,2019,1,33563,264,264,3590,Dress
602,38832,10001,8811,2019,1,85397,2986,2986,4138,Dress
603,43056,10001,9655,2019,1,78009,560,560,1271,Dress
604,58512,10001,12695,2019,1,51568,2454,2454,4003,Dress
605,55824,10001,12163,2019,1,21479,2600,2600,3139,Dress
606,55248,10001,12078,2019,1,76500,2849,2849,1131,Dress
607,46800,10001,10412,2019,1,81789,3169,3169,236,Dress
608,47208,10001,10475,2019,1,53277,2977,2977,159,Dress
609,36504,10001,8352,2019,1,99377,4890,4890,1360,Dress
610,52752,10001,11575,2019,1,36522,857,857,4124,Dress
611,58056,10001,12610,2019,1,84063,1247,1247,2038,Dress
612,31560,10001,7386,2019,1,42228,1535,1535,1696,Dress
613,30336,10001,7104,2019,1,44980,4379,4379,3824,Dress
614,44520,10001,9994,2019,1,65862,3940,3940,4037,Dress
615,58704,10001,12734,2019,1,78602,3757,3757,3836,Dress
616,53112,10001,11644,2019,1,24223,3734,3734,3602,Dress
617,32496,10001,7539,2019,1,40543,3813,3813,3741,Dress
618,42912,10001,9630,2019,1,54316,3211,3211,4981,Dress
619,35640,10001,8163,2019,1,95123,4159,4159,3866,Dress
620,34536,10001,7952,2019,1,54265,4384,4384,3744,Dress
621,30432,10001,7126,2019,1,91472,1478,1478,3453,Dress
622,43944,10001,9868,2019,1,48563,1646,1646,4363,Dress
623,36600,10001,8373,2019,1,94918,2156,2156,1684,Dress
624,33216,10001,7677,2019,1,4274,1334,1334,3078,Dress
625,44040,10001,9883,2019,1,69078,1366,1366,587,Dress
626,43728,10001,9809,2019,1,26009,1771,1771,536,Dress
627,44856,10001,10064,2019,1,96472,1131,1131,3349,Dress
628,59040,10001,12814,2019,1,11350,1840,1840,3450,Dress
629,54264,10001,11860,2019,1,88228,1188,1188,3889,Dress
630,56376,10001,12266,2019,1,46350,1478,1478,4339,Dress
631,45816,10001,10236,2019,1,64140,1143,1143,4712,Dress
632,46032,10001,10268,2019,1,51931,1624,1624,1807,Dress
633,42120,10001,9472,2019,1,24609,1690,1690,4925,Dress
634,38640,10001,8775,2019,1,94992,1663,1663,2710,Dress
635,35928,10001,8253,2019,1,35452,2553,2553,1811,Dress
636,31992,10001,7440,2019,1,64610,3151,3151,2479,Dress
637,35400,10001,8120,2019,1,84207,1454,1454,2186,Dress
638,57912,10001,12577,2019,1,56455,2810,2810,1572,Dress
639,31968,10001,7439,2019,1,87140,1344,1344,4517,Dress
640,43008,10001,9650,2019,1,12086,2363,2363,3270,Dress
641,57672,10001,12519,2019,1,1449,2417,2417,333,Dress
642,28680,10001,6815,2019,1,58259,1616,1616,2408,Dress
643,3408,10001,1662,2019,1,94318,2183,2183,968,Dress
644,12000,10001,3468,2019,1,52761,2066,2066,3800,Dress
645,26256,10001,6379,2019,1,11830,2183,2183,563,Dress
646,10392,10001,3110,2019,1,34319,3040,3040,826,Dress
647,11592,10001,3373,2019,1,73553,1737,1737,2481,Dress
648,12360,10001,3508,2019,1,84387,1675,1675,2603,Dress
649,912,10001,1177,2019,1,1092,2066,2066,4577,Dress
650,13992,10001,3905,2019,1,82308,3596,3596,1780,Dress
651,9456,10001,2916,2019,1,2652,4309,4309,1142,Dress
652,29280,10001,6927,2019,1,64912,772,772,3926,Dress
653,26064,10001,6344,2019,1,53917,1510,1510,3158,Dress
654,4224,10001,1771,2019,1,4452,393,393,2758,Dress
655,7848,10001,2556,2019,1,46475,4648,4648,3959,Dress
656,2112,10001,1410,2019,1,52295,3040,3040,2572,Dress
657,8688,10001,2748,2019,1,26691,1505,1505,802,Dress
658,49920,10001,11024,2019,1,28442,3152,3152,1531,Dress
659,14736,10001,4056,2019,1,33675,1658,1658,3712,Dress
660,14208,10001,3949,2019,1,18125,4999,4999,981,Dress
661,51696,10001,11365,2019,1,1084,1704,1704,1634,Dress
662,10056,10001,3042,2019,1,75740,1562,1562,2171,Dress
663,14088,10001,3917,2019,1,21001,4999,4999,322,Dress
664,23664,10001,5877,2019,1,67788,3805,3805,3768,Dress
665,9336,10001,2868,2019,1,25769,3451,3451,660,Dress
666,48,10001,1017,2019,1,61535,4693,4693,1084,Dress
667,7056,10001,2393,2019,1,39766,4301,4301,534,Dress
668,22776,10001,5668,2019,1,33950,4296,4296,3806,Dress
669,14160,10001,3939,2019,1,87542,2630,2630,2762,Dress
670,27696,10001,6619,2019,1,98643,1510,1510,4974,Dress
671,7176,10001,2421,2019,1,20774,757,757,339,Dress
672,12888,10001,3631,2019,1,72196,4174,4174,4361,Dress
673,9696,10001,2968,2019,1,67878,2027,2027,2320,Dress
674,3168,10001,1602,2019,1,74769,115,115,4445,Dress
675,23952,10001,5942,2019,1,52971,1125,1125,334,Dress
676,52488,10001,11526,2019,1,67760,3775,3775,3409,Dress
677,7584,10001,2490,2019,1,32927,1447,1447,1706,Dress
678,23304,10001,5797,2019,1,46861,1569,1569,1756,Dress
679,11400,10001,3350,2019,1,6484,1789,1789,3223,Dress
680,10416,10001,3112,2019,1,71930,2604,2604,3435,Dress
681,1368,10001,1291,2019,1,51612,2343,2343,1470,Dress
682,12816,10001,3592,2019,1,16706,4030,4030,4319,Dress
683,9504,10001,2924,2019,1,7409,2582,2582,1123,Dress
684,12744,10001,3580,2019,1,75273,2661,2661,4913,Dress
685,25896,10001,6294,2019,1,60669,970,970,2940,Dress
686,6480,10001,2269,2019,1,49525,2917,2917,938,Dress
687,25992,10001,6307,2019,1,62803,3165,3165,778,Dress
688,26640,10001,6453,2019,1,10116,1219,1219,3760,Dress
689,27864,10001,6651,2019,1,54900,3565,3565,1566,Dress
690,28968,10001,6867,2019,1,88403,3424,3424,4535,Dress
691,25320,10001,6166,2019,1,74388,1093,1093,1225,Dress
692,13920,10001,3878,2019,1,35038,3036,3036,4835,Dress
693,29400,10001,6954,2019,1,69111,923,923,1506,Dress
694,2304,10001,1445,2019,1,77252,1195,1195,4769,Dress
695,24144,10001,5962,2019,1,48656,3572,3572,733,Dress
696,4416,10001,1829,2019,1,36173,3565,3565,2083,Dress
697,10632,10001,3155,2019,1,4488,264,264,1091,Dress
698,5232,10001,2005,2019,1,91937,558,558,2659,Dress
699,4584,10001,1855,2019,1,95252,560,560,271,Dress
700,9816,10001,2984,2019,1,42461,3103,3103,604,Dress
701,4392,10001,1814,2019,1,88158,2407,2407,4934,Dress
702,29952,10001,7050,2019,1,27889,1546,1546,231,Dress
703,24696,10001,6057,2019,1,7731,2489,2489,1706,Dress
704,13056,10001,3688,2019,1,53020,560,560,484,Dress
705,8952,10001,2798,2019,1,20546,857,857,866,Dress
706,50088,10001,11046,2019,1,21637,1557,1557,175,Dress
707,2256,10001,1442,2019,1,33266,2979,2979,3694,Dress
708,13656,10001,3844,2019,1,24503,1234,1234,2751,Dress
709,5952,10001,2146,2019,1,81830,2600,2600,3775,Dress
710,2208,10001,1437,2019,1,69332,3088,3088,3169,Dress
711,26040,10001,6328,2019,1,70742,764,764,4876,Dress
712,2832,10001,1522,2019,1,21189,3735,3735,1957,Dress
713,52416,10001,11519,2019,1,75593,3255,3255,829,Dress
714,23016,10001,5714,2019,1,91065,4456,4456,2346,Dress
715,8232,10001,2649,2019,1,40174,3846,3846,4051,Dress
716,6000,10001,2153,2019,1,32217,4384,4384,1402,Dress
717,2688,10001,1491,2019,1,57017,4023,4023,222,Dress
718,11184,10001,3307,2019,1,55048,3760,3760,1325,Dress
719,26952,10001,6493,2019,1,47323,3800,3800,85,Dress
720,13032,10001,3681,2019,1,87575,1494,1494,3254,Dress
721,14904,10001,4090,2019,1,10142,1418,1418,2680,Dress
722,9576,10001,2947,2019,1,79623,1842,1842,1598,Dress
723,5016,10001,1951,2019,1,82902,1327,1327,2375,Dress
724,26472,10001,6431,2019,1,72264,1566,1566,2769,Dress
725,1704,10001,1338,2019,1,39459,3784,3784,3334,Dress
726,25176,10001,6138,2019,1,46455,4058,4058,3151,Dress
727,2184,10001,1431,2019,1,74112,2865,2865,1176,Dress
728,52344,10001,11493,2019,1,62634,2882,2882,193,Dress
729,22632,10001,5644,2019,1,67269,3181,3181,3539,Dress
730,49104,10001,10853,2019,1,78648,3145,3145,1584,Dress
731,24000,10001,5948,2019,1,90377,3330,3330,4449,Dress
732,49680,10001,10975,2019,1,79635,2401,2401,3339,Dress
733,102360,10001,21574,2019,1,12106,4825,4825,2713,Dress
734,93120,10001,19791,2019,1,96832,797,797,231,Dress
735,101064,10001,21328,2019,1,54323,2218,2218,4555,Dress
736,100440,10001,21219,2019,1,46623,2041,2041,1530,Dress
737,103968,10001,21926,2019,1,39793,2453,2453,1757,Dress
738,27216,10001,6532,2019,1,9705,2183,2183,1251,Dress
739,95664,10001,20309,2019,1,76882,2911,2911,2138,Dress
740,100056,10001,21152,2019,1,73381,3596,3596,2913,Dress
741,103704,10001,21865,2019,1,63026,1562,1562,2804,Dress
742,100080,10001,21166,2019,1,7242,2404,2404,2838,Dress
743,18816,10001,4864,2019,1,68418,4189,4189,612,Dress
744,115344,10001,24243,2019,1,99272,4825,4825,2942,Dress
745,103608,10001,21825,2019,1,5095,2404,2404,4294,Dress
746,102912,10001,21666,2019,1,25238,2008,2008,326,Dress
747,21576,10001,5426,2019,1,39793,1259,1259,1551,Dress
748,115512,10001,24275,2019,1,1860,4985,4985,4348,Dress
749,96888,10001,20535,2019,1,81269,2493,2493,109,Dress
750,16968,10001,4510,2019,1,63260,3596,3596,3687,Dress
751,114504,10001,24071,2019,1,14173,2421,2421,4234,Dress
752,18984,10001,4910,2019,1,40356,2114,2114,4975,Dress
753,104016,10001,21936,2019,1,22496,1926,1926,2053,Dress
754,99480,10001,21052,2019,1,38604,2453,2453,4802,Dress
755,98976,10001,20968,2019,1,11927,2453,2453,4353,Dress
756,103056,10001,21681,2019,1,19799,2570,2570,4786,Dress
757,115920,10001,24352,2019,1,56307,4057,4057,4760,Dress
758,100152,10001,21179,2019,1,82596,1670,1670,1297,Dress
759,19008,10001,4915,2019,1,33908,2877,2877,1611,Dress
760,99432,10001,21046,2019,1,12106,1670,1670,3233,Dress
761,95448,10001,20251,2019,1,20408,3645,3645,4535,Dress
762,103560,10001,21816,2019,1,44306,2965,2965,3372,Dress
763,97608,10001,20683,2019,1,26220,2943,2943,2379,Dress
764,105000,10001,22105,2019,1,41247,408,408,4601,Dress
765,18456,10001,4779,2019,1,12271,1789,1789,4765,Dress
766,103128,10001,21712,2019,1,8855,2445,2445,2759,Dress
767,95760,10001,20315,2019,1,60046,1079,1079,4775,Dress
768,27312,10001,6553,2019,1,20585,3645,3645,3435,Dress
769,22488,10001,5610,2019,1,50610,3981,3981,2452,Dress
770,20472,10001,5190,2019,1,95909,2430,2430,1757,Dress
771,90576,10001,19221,2019,1,95544,2876,2876,2880,Dress
772,100536,10001,21234,2019,1,73187,2825,2825,1770,Dress
773,103344,10001,21783,2019,1,69250,2877,2877,617,Dress
774,96384,10001,20434,2019,1,94613,582,582,3735,Dress
775,94200,10001,20020,2019,1,14722,2877,2877,4051,Dress
776,96312,10001,20413,2019,1,20825,2917,2917,1292,Dress
777,103296,10001,21775,2019,1,72468,4174,4174,4221,Dress
778,92256,10001,19617,2019,1,1121,3740,3740,1703,Dress
779,115320,10001,24235,2019,1,45441,4021,4021,2411,Dress
780,92352,10001,19646,2019,1,39720,3794,3794,1427,Dress
781,19320,10001,4990,2019,1,79951,2859,2859,3538,Dress
782,15288,10001,4167,2019,1,19598,2859,2859,405,Dress
783,101328,10001,21393,2019,1,51767,1758,1758,3537,Dress
784,95136,10001,20202,2019,1,70974,1405,1405,638,Dress
785,97488,10001,20645,2019,1,36842,1192,1192,3962,Dress
786,22416,10001,5590,2019,1,2976,3036,3036,539,Dress
787,16152,10001,4325,2019,1,54563,2998,2998,2040,Dress
788,96264,10001,20410,2019,1,86808,1219,1219,1953,Dress
789,100320,10001,21209,2019,1,601,1335,1335,2700,Dress
790,16272,10001,4361,2019,1,45549,4445,4445,3676,Dress
791,101592,10001,21421,2019,1,68219,3061,3061,3948,Dress
792,100104,10001,21175,2019,1,81827,1227,1227,1069,Dress
793,100944,10001,21311,2019,1,89805,1192,1192,4351,Dress
794,15552,10001,4211,2019,1,40308,2660,2660,1823,Dress
795,92328,10001,19643,2019,1,56586,4445,4445,559,Dress
796,100968,10001,21318,2019,1,7777,4536,4536,245,Dress
797,102312,10001,21572,2019,1,85242,1361,1361,1083,Dress
798,100680,10001,21264,2019,1,54745,2871,2871,2742,Dress
799,17040,10001,4519,2019,1,17373,991,991,4595,Dress
800,99816,10001,21122,2019,1,68321,2944,2944,3339,Dress
801,99720,10001,21104,2019,1,70661,884,884,2036,Dress
802,17808,10001,4678,2019,1,32400,436,436,3993,Dress
803,18792,10001,4856,2019,1,14690,798,798,3269,Dress
804,20184,10001,5153,2019,1,27218,2902,2902,1404,Dress
805,91560,10001,19431,2019,1,66502,2463,2463,318,Dress
806,92112,10001,19587,2019,1,6655,2454,2454,317,Dress
807,20856,10001,5251,2019,1,18210,2532,2532,2778,Dress
808,92472,10001,19676,2019,1,30713,3898,3898,4772,Dress
809,27384,10001,6574,2019,1,93184,2977,2977,1459,Dress
810,21216,10001,5350,2019,1,19887,3056,3056,67,Dress
811,96216,10001,20397,2019,1,60716,3761,3761,4372,Dress
812,91128,10001,19313,2019,1,10962,3755,3755,2014,Dress
813,97896,10001,20744,2019,1,70504,4072,4072,3879,Dress
814,99672,10001,21097,2019,1,28172,3623,3623,4554,Dress
815,102792,10001,21655,2019,1,92015,4894,4894,3175,Dress
816,91080,10001,19303,2019,1,60997,4013,4013,3867,Dress
817,17136,10001,4532,2019,1,25315,4023,4023,4749,Dress
818,94272,10001,20030,2019,1,19110,1494,1494,182,Dress
819,16872,10001,4497,2019,1,29548,1840,1840,76,Dress
820,15192,10001,4151,2019,1,98432,1581,1581,2946,Dress
821,99528,10001,21069,2019,1,63997,1216,1216,1022,Dress
822,103368,10001,21786,2019,1,85858,1262,1262,4853,Dress
823,92280,10001,19629,2019,1,47325,1738,1738,3303,Dress
824,91680,10001,19467,2019,1,97435,1461,1461,1557,Dress
825,18288,10001,4748,2019,1,78272,1548,1548,1550,Dress
826,94776,10001,20111,2019,1,11824,1646,1646,4198,Dress
827,19416,10001,5002,2019,1,97006,1082,1082,2010,Dress
828,17184,10001,4544,2019,1,90700,1137,1137,4762,Dress
829,104880,10001,22083,2019,1,11447,1334,1334,602,Dress
830,103584,10001,21821,2019,1,72398,3827,3827,665,Dress
831,91200,10001,19337,2019,1,91015,1699,1699,3632,Dress
832,91104,10001,19305,2019,1,126,4229,4229,363,Dress
833,21264,10001,5357,2019,1,52053,3784,3784,4937,Dress
834,15648,10001,4218,2019,1,60992,4079,4079,3509,Dress
835,91392,10001,19399,2019,1,51385,4079,4079,3661,Dress
836,102288,10001,21565,2019,1,59911,1320,1320,3558,Dress
837,100296,10001,21208,2019,1,22433,2863,2863,2939,Dress
838,18672,10001,4828,2019,1,31407,2958,2958,2799,Dress
839,104184,10001,21965,2019,1,46451,1344,1344,4273,Dress
840,104616,10001,22028,2019,1,51406,1256,1256,4662,Dress
841,97320,10001,20602,2019,1,80144,2625,2625,1902,Dress
842,22128,10001,5523,2019,1,56989,3051,3051,935,Dress
843,18240,10001,4742,2019,1,83447,3051,3051,192,Dress
844,90408,10001,19184,2019,1,74005,2417,2417,267,Dress
845,113688,10001,23935,2019,1,83065,4236,4236,1043,Dress
846,69552,10001,14968,2019,1,13779,2347,2347,1978,Dress
847,119712,10001,25151,2019,1,39903,1468,1468,933,Dress
848,70824,10001,15193,2019,1,32244,4695,4695,1713,Dress
849,60552,10001,13114,2019,1,62037,598,598,2766,Dress
850,68784,10001,14816,2019,1,36397,2098,2098,170,Dress
851,70776,10001,15191,2019,1,64035,3451,3451,787,Dress
852,74400,10001,15938,2019,1,42642,3451,3451,2665,Dress
853,72168,10001,15489,2019,1,39340,2637,2637,1126,Dress
854,108528,10001,22736,2019,1,71979,1468,1468,388,Dress
855,112464,10001,23659,2019,1,17316,2218,2218,121,Dress
856,60936,10001,13187,2019,1,46630,4693,4693,3227,Dress
857,72792,10001,15615,2019,1,12534,1307,1307,2059,Dress
858,110280,10001,23192,2019,1,74957,4999,4999,4137,Dress
859,109488,10001,22998,2019,1,90926,4825,4825,3496,Dress
860,73824,10001,15810,2019,1,35767,1616,1616,2107,Dress
861,116784,10001,24531,2019,1,70997,1145,1145,3276,Dress
862,69672,10001,14981,2019,1,46695,2114,2114,1521,Dress
863,71184,10001,15281,2019,1,69068,1465,1465,2764,Dress
864,111960,10001,23530,2019,1,72192,3883,3883,3898,Dress
865,118920,10001,24991,2019,1,11673,2218,2218,729,Dress
866,116496,10001,24463,2019,1,99848,149,149,156,Dress
867,112080,10001,23561,2019,1,86147,3947,3947,4182,Dress
868,108984,10001,22872,2019,1,7149,4527,4527,3246,Dress
869,105696,10001,22204,2019,1,68836,2008,2008,401,Dress
870,73536,10001,15768,2019,1,37141,905,905,1949,Dress
871,109272,10001,22931,2019,1,6984,4189,4189,2073,Dress
872,62376,10001,13507,2019,1,33139,917,917,4642,Dress
873,109728,10001,23045,2019,1,86447,2493,2493,4673,Dress
874,113544,10001,23909,2019,1,61907,1862,1862,88,Dress
875,112200,10001,23603,2019,1,37656,2804,2804,942,Dress
876,108480,10001,22718,2019,1,63921,658,658,201,Dress
877,62088,10001,13445,2019,1,35963,582,582,4113,Dress
878,111744,10001,23485,2019,1,43741,4188,4188,1518,Dress
879,108744,10001,22816,2019,1,24642,3302,3302,3565,Dress
880,111648,10001,23470,2019,1,32142,4008,4008,3614,Dress
881,69240,10001,14899,2019,1,58060,1447,1447,3174,Dress
882,113064,10001,23794,2019,1,80908,2027,2027,4319,Dress
883,68064,10001,14658,2019,1,31500,2917,2917,557,Dress
884,68592,10001,14777,2019,1,84101,2605,2605,3561,Dress
885,119808,10001,25165,2019,1,13463,3241,3241,1832,Dress
886,113640,10001,23919,2019,1,58613,3241,3241,4472,Dress
887,110568,10001,23250,2019,1,52416,4008,4008,999,Dress
888,117576,10001,24736,2019,1,32602,2876,2876,805,Dress
889,74616,10001,15975,2019,1,55256,2620,2620,3067,Dress
890,63384,10001,13700,2019,1,85200,3792,3792,574,Dress
891,73176,10001,15708,2019,1,5265,4021,4021,4623,Dress
892,109656,10001,23023,2019,1,20366,2581,2581,2911,Dress
893,117600,10001,24743,2019,1,3788,2661,2661,4493,Dress
894,74208,10001,15896,2019,1,84671,3244,3244,2225,Dress
895,62496,10001,13535,2019,1,63519,1634,1634,3131,Dress
896,109560,10001,23007,2019,1,64684,4018,4018,842,Dress
897,68424,10001,14750,2019,1,82142,658,658,1947,Dress
898,71520,10001,15347,2019,1,10599,2605,2605,1639,Dress
899,117792,10001,24780,2019,1,32184,1361,1361,2624,Dress
900,107736,10001,22586,2019,1,40122,2806,2806,1624,Dress
901,113880,10001,23977,2019,1,14438,3031,3031,1590,Dress
902,112680,10001,23720,2019,1,60748,3587,3587,198,Dress
903,105624,10001,22191,2019,1,40411,1094,1094,532,Dress
904,60288,10001,13064,2019,1,86653,732,732,4629,Dress
905,74280,10001,15911,2019,1,66210,4324,4324,34,Dress
906,68520,10001,14768,2019,1,58405,3572,3572,2637,Dress
907,111768,10001,23486,2019,1,45446,4539,4539,3014,Dress
908,68352,10001,14736,2019,1,12780,3104,3104,2021,Dress
909,118320,10001,24888,2019,1,29087,1836,1836,4384,Dress
910,68688,10001,14804,2019,1,31299,628,628,2263,Dress
911,108096,10001,22647,2019,1,53224,1430,1430,4933,Dress
912,116664,10001,24493,2019,1,98359,4536,4536,552,Dress
913,119184,10001,25039,2019,1,83205,791,791,2122,Dress
914,72984,10001,15649,2019,1,2448,1247,1247,2549,Dress
915,110496,10001,23231,2019,1,323,2979,2979,3792,Dress
916,117960,10001,24807,2019,1,40636,2552,2552,3298,Dress
917,69048,10001,14862,2019,1,73669,2568,2568,4210,Dress
918,67992,10001,14636,2019,1,13663,1546,1546,4593,Dress
919,63288,10001,13666,2019,1,35779,2552,2552,4065,Dress
920,62352,10001,13500,2019,1,91206,2416,2416,931,Dress
921,110352,10001,23198,2019,1,9503,436,436,416,Dress
922,107040,10001,22463,2019,1,48685,4951,4951,1303,Dress
923,69984,10001,15052,2019,1,79380,4890,4890,1405,Dress
924,112056,10001,23546,2019,1,31690,2823,2823,515,Dress
925,117768,10001,24778,2019,1,77770,2671,2671,106,Dress
926,113832,10001,23962,2019,1,19766,4334,4334,955,Dress
927,113040,10001,23793,2019,1,81851,2960,2960,706,Dress
928,74304,10001,15912,2019,1,52419,991,991,2590,Dress
929,107448,10001,22526,2019,1,34309,884,884,539,Dress
930,108720,10001,22808,2019,1,40025,2568,2568,4609,Dress
931,73008,10001,15658,2019,1,344,2986,2986,855,Dress
932,62064,10001,13436,2019,1,58730,2632,2632,3034,Dress
933,117192,10001,24624,2019,1,29719,558,558,3762,Dress
934,72936,10001,15645,2019,1,78844,2632,2632,3095,Dress
935,71304,10001,15298,2019,1,3649,4894,4894,198,Dress
936,69840,10001,15020,2019,1,42390,4013,4013,1860,Dress
937,112104,10001,23571,2019,1,21479,4178,4178,4070,Dress
938,118152,10001,24866,2019,1,30543,3761,3761,2808,Dress
939,112224,10001,23604,2019,1,87541,1558,1558,4733,Dress
940,74832,10001,16003,2019,1,85542,1548,1548,3889,Dress
941,108960,10001,22865,2019,1,72847,1045,1045,991,Dress
942,61248,10001,13254,2019,1,93686,1262,1262,1054,Dress
943,119520,10001,25104,2019,1,24557,1208,1208,4685,Dress
944,73152,10001,15706,2019,1,33394,1780,1780,2158,Dress
945,105840,10001,22241,2019,1,19064,1811,1811,1288,Dress
946,70080,10001,15064,2019,1,53092,4003,4003,1353,Dress
947,74424,10001,15941,2019,1,70395,3801,3801,2639,Dress
948,110856,10001,23293,2019,1,65814,1828,1828,3925,Dress
949,107160,10001,22479,2019,1,92277,1706,1706,3539,Dress
950,113328,10001,23869,2019,1,21131,1132,1132,3398,Dress
951,68088,10001,14670,2019,1,70083,1169,1169,2630,Dress
952,119448,10001,25092,2019,1,68764,3717,3717,1916,Dress
953,109776,10001,23048,2019,1,98163,3801,3801,3472,Dress
954,60912,10001,13182,2019,1,52527,3996,3996,3263,Dress
955,113664,10001,23921,2019,1,6898,3892,3892,2391,Dress
956,68376,10001,14737,2019,1,79603,3145,3145,1162,Dress
957,108216,10001,22672,2019,1,32900,2838,2838,4884,Dress
958,62184,10001,13466,2019,1,60584,2681,2681,1314,Dress
959,71856,10001,15420,2019,1,49724,3131,3131,3470,Dress
960,112992,10001,23786,2019,1,28623,3203,3203,4047,Dress
961,112872,10001,23764,2019,1,72687,2810,2810,1048,Dress
962,110400,10001,23202,2019,1,43026,1439,1439,2740,Dress
963,116328,10001,24428,2019,1,41054,3030,3030,2246,Dress
964,64872,10001,13986,2019,1,72998,2637,2637,498,Dress
965,75672,10001,16193,2019,1,36949,1501,1501,2318,Dress
966,86592,10001,18409,2019,1,91990,797,797,3013,Dress
967,89472,10001,18995,2019,1,52784,2087,2087,1444,Dress
968,66672,10001,14357,2019,1,98853,4648,4648,252,Dress
969,89952,10001,19093,2019,1,5804,1737,1737,4670,Dress
970,85392,10001,18196,2019,1,90086,3268,3268,2563,Dress
971,87552,10001,18634,2019,1,327,797,797,3644,Dress
972,76056,10001,16297,2019,1,58097,1510,1510,2103,Dress
973,67176,10001,14477,2019,1,51175,4968,4968,2843,Dress
974,81672,10001,17445,2019,1,65594,1737,1737,4808,Dress
975,67296,10001,14499,2019,1,56599,2630,2630,4017,Dress
976,66072,10001,14242,2019,1,42237,2404,2404,4021,Dress
977,86688,10001,18439,2019,1,33985,2661,2661,3685,Dress
978,83520,10001,17830,2019,1,72435,2804,2804,1154,Dress
979,64320,10001,13880,2019,1,70297,2405,2405,1443,Dress
980,83976,10001,17928,2019,1,32818,2294,2294,4496,Dress
981,81888,10001,17484,2019,1,83287,850,850,3274,Dress
982,75192,10001,16110,2019,1,83973,1660,1660,4699,Dress
983,85608,10001,18225,2019,1,8723,2877,2877,1207,Dress
984,83016,10001,17731,2019,1,25820,1305,1305,794,Dress
985,82872,10001,17697,2019,1,5544,1443,1443,2207,Dress
986,88464,10001,18815,2019,1,1286,3424,3424,1002,Dress
987,79632,10001,17038,2019,1,40607,1267,1267,1095,Dress
988,78264,10001,16767,2019,1,18641,2174,2174,3378,Dress
989,80784,10001,17268,2019,1,75668,3424,3424,4142,Dress
990,88296,10001,18777,2019,1,19284,1195,1195,3132,Dress
991,67080,10001,14453,2019,1,74759,1482,1482,3360,Dress
992,85056,10001,18118,2019,1,60188,4324,4324,1287,Dress
993,88224,10001,18772,2019,1,40729,3031,3031,3892,Dress
994,75408,10001,16144,2019,1,90586,2174,2174,2552,Dress
995,83568,10001,17835,2019,1,87758,2046,2046,230,Dress
996,75456,10001,16164,2019,1,70437,4334,4334,4044,Dress
997,85320,10001,18173,2019,1,79569,2939,2939,3532,Dress
998,85656,10001,18241,2019,1,4738,934,934,3078,Dress
999,78216,10001,16763,2019,1,39753,2418,2418,3475,Dress
